<?xml version="1.0" encoding="UTF-8"?>
<project-private xmlns="http://www.netbeans.org/ns/project-private/1">
    <editor-bookmarks xmlns="http://www.netbeans.org/ns/editor-bookmarks/2" lastBookmarkId="0"/>
    <open-files xmlns="http://www.netbeans.org/ns/projectui-open-files/2">
        <group>
            <file>file:/C:/Users/ercel/OneDrive%20-%20Fatih%20Sultan%20Mehmet%20Vakıf%20Üniversitesi/Belgeler/NetBeansProjects/lab1_Algorithm/src/lab1_algorithm/Lab1_Algorithm.java</file>
            <file>file:/C:/Users/ercel/OneDrive%20-%20Fatih%20Sultan%20Mehmet%20Vakıf%20Üniversitesi/Belgeler/NetBeansProjects/lab1_Algorithm/src/lab1_algorithm/Utils.java</file>
        </group>
    </open-files>
</project-private>
